{
  "epochs": 2,
  "config": {
    "training_set": "forensynths",
    "backbone": [
      "ViT-L/14",
      1024
    ],
    "factor": 0.2,
    "nproj": 4,
    "proj_dim": 1024,
    "batch_size": 96,
    "lr": 0.0001,
    "categories": [
      "cat",
      "chair",
      "horse",
      "car"
    ],
    "savpath": "results/dwt/forensics/ViT-L-14_forensics_dwt_0.2_4_1024_64_0.001",
    "model_path": "ckpt/dwt/model_forensics_dwt_trainable.pth",
    "with_dwt_branch": true
  },
  "results": {
    "train_loss": [
      0.17755997707275908,
      0.038567291677498075
    ],
    "val_loss": [
      0.008208542577922345,
      0.008183494955301285
    ],
    "val_acc": [
      1.0,
      1.0
    ],
    "val_ap": [
      1.0,
      1.0
    ],
    "test": {
      "final": {
        "imle": {
          "acc": 0.8910216233155751,
          "ap": 0.9972538296714435
        },
        "deepfake": {
          "acc": 0.8780758556891767,
          "ap": 0.9804166350760607
        },
        "stylegan2": {
          "acc": 0.9735227841762644,
          "ap": 0.9989736377169074
        },
        "biggan": {
          "acc": 0.98775,
          "ap": 0.9996334176653004
        },
        "progan": {
          "acc": 0.99975,
          "ap": 0.999999875015621
        },
        "gaugan": {
          "acc": 0.9941,
          "ap": 0.9999829553350277
        },
        "whichfaceisreal": {
          "acc": 0.98,
          "ap": 0.9979009539392387
        },
        "stylegan": {
          "acc": 0.9460857953597063,
          "ap": 0.9983831610725589
        },
        "seeingdark": {
          "acc": 0.8972222222222223,
          "ap": 0.9598420812708602
        },
        "san": {
          "acc": 0.6598173515981736,
          "ap": 0.8929393863201427
        },
        "stargan": {
          "acc": 0.9674837418709354,
          "ap": 0.9999585233760752
        },
        "crn": {
          "acc": 0.8809150736446255,
          "ap": 0.9752516774184661
        },
        "cyclegan": {
          "acc": 0.9784254352763059,
          "ap": 0.9999510607704848
        }
      }
    }
  },
  "training_time": 3655.5988659858704,
  "max_memory_used": 12.318099975585938,
  "best_epoch": 0,
  "best_metric": 1.0
}
//Mean: 92.6 / 98.5