{
  "glide_50_27": {
    "val_loss": 0.03492221128940582,
    "val_acc": 0.956,
    "val_ap": 0.9961675739274636,
    "max_memory_used": 2.364673614501953
  },
  "ldm_200": {
    "val_loss": 0.026777026504278184,
    "val_acc": 0.984,
    "val_ap": 0.9989277160732876,
    "max_memory_used": 2.364673614501953
  },
  "dalle": {
    "val_loss": 0.033463761925697326,
    "val_acc": 0.953,
    "val_ap": 0.9945620605930149,
    "max_memory_used": 2.364673614501953
  },
  "guided": {
    "val_loss": 0.07033657044172287,
    "val_acc": 0.8085,
    "val_ap": 0.9708205089562151,
    "max_memory_used": 2.364673614501953
  },
  "ldm_200_cfg": {
    "val_loss": 0.04022221422195434,
    "val_acc": 0.9365,
    "val_ap": 0.9895853194639892,
    "max_memory_used": 2.364673614501953
  },
  "glide_100_27": {
    "val_loss": 0.04004764950275421,
    "val_acc": 0.9435,
    "val_ap": 0.994014162053264,
    "max_memory_used": 2.364673614501953
  },
  "ldm_100": {
    "val_loss": 0.026653101146221162,
    "val_acc": 0.983,
    "val_ap": 0.9992576687364757,
    "max_memory_used": 2.364673614501953
  },
  "glide_100_10": {
    "val_loss": 0.03852684906125069,
    "val_acc": 0.94,
    "val_ap": 0.9945623373240532,
    "max_memory_used": 2.364673614501953
  },
  "average": {
    "val_acc": 0.9380625,
    "val_ap": 0.9922371683909704,
    "val_loss": 0.03886867301166058,
    "max_memory_used": 2.364673614501953,
    "num_generators": 8,
    "dataset_name": "diffusion_datasets",
    "total_samples": 16000
  }
}