{
  "InfoMaxGAN": {
    "val_loss": 0.033957914113998414,
    "val_acc": 0.95075,
    "val_ap": 0.9991568193625564,
    "max_memory_used": 2.364673614501953
  },
  "SNGAN": {
    "val_loss": 0.034184916242957115,
    "val_acc": 0.9505,
    "val_ap": 0.9976048285325981,
    "max_memory_used": 2.364673614501953
  },
  "BEGAN": {
    "val_loss": 0.03170309999585152,
    "val_acc": 0.94475,
    "val_ap": 0.9994936459797564,
    "max_memory_used": 2.364673614501953
  },
  "MMDGAN": {
    "val_loss": 0.03389143493771553,
    "val_acc": 0.95075,
    "val_ap": 0.9999211845462422,
    "max_memory_used": 2.364673614501953
  },
  "CramerGAN": {
    "val_loss": 0.03389622642099857,
    "val_acc": 0.95075,
    "val_ap": 0.999962763852712,
    "max_memory_used": 2.364673614501953
  },
  "S3GAN": {
    "val_loss": 0.026331412881612778,
    "val_acc": 0.98375,
    "val_ap": 0.9991505244260511,
    "max_memory_used": 2.364673614501953
  },
  "STGAN": {
    "val_loss": 0.026765056416392326,
    "val_acc": 0.98575,
    "val_ap": 0.9991467360646783,
    "max_memory_used": 2.364673614501953
  },
  "AttGAN": {
    "val_loss": 0.024176510691642762,
    "val_acc": 0.99375,
    "val_ap": 0.9998591634599843,
    "max_memory_used": 2.364673614501953
  },
  "RelGAN": {
    "val_loss": 0.02405514007806778,
    "val_acc": 0.99375,
    "val_ap": 0.9998910688002505,
    "max_memory_used": 2.364673614501953
  },
  "average": {
    "val_acc": 0.9671666666666668,
    "val_ap": 0.9993540816694255,
    "val_loss": 0.029884634642137427,
    "max_memory_used": 2.364673614501953,
    "num_generators": 9,
    "dataset_name": "gangen",
    "total_samples": 36000
  }
}